,latitude,longitude,street,city,state,zip
0,29.7392113,-95.4113227,2922 S Shepherd Drive,Houston,TX,77098
1,29.7354063,-95.5824872,11683 Westheimer Rd,Houston,TX,77077
2,29.7527127,-95.5016672,1440 South Voss Road,Houston,TX,77057
3,33.1736968,-96.6428744,2851 Craig Dr Ste 100,McKinney,TX,75070
4,32.9508704,-96.8028234,14856 Preston Rd,Dallas,TX,75254
5,32.8495515,-96.8194411,5550 W Lovers Lane,Dallas,TX,75209
6,32.8222586,-96.7896609,4525 Cole Ave,Dallas,TX,75205
7,32.8148353,-96.7705657,2001 Greenville Ave,Dallas,TX,75206
8,32.8805703,-96.7722808,7939 Walnut Hill Lane,Dallas,TX,75230
9,33.02923200000001,-96.7928213,2400 Preston Rd,Plano,TX,75093
10,32.7119773,-97.3851284,2701 S Hulen St,Fort Worth,TX,76109
11,30.2701339,-97.7898114,2805 Bee Cave Rd,Austin,TX,78746
12,30.2674966,-97.7527899,"211 Walter Seaholm Dr, Ste 100",Austin,TX,78701
13,30.3955849,-97.7517712,9722 Great Hills Trail,Austin,TX,78759
14,29.496703,-98.4780302,350 East Basse Road,San Antonio,TX,78209
15,29.6092997,-98.4989534,403 N Loop 1604 W,San Antonio,TX,78232
16,30.1755966,-95.5353996,10868 Kuykendahl Road,The Woodlands,TX,77381
17,32.9413307,-97.1294179,1492 E Southlake Blvd,Southlake,TX,76092
18,29.7403352,-95.7748374,2717 Commercial Center Blvd,Katy,TX,77494
19,34.7482874,-92.4018539,11500 Financial Centre Pky,Little Rock,AR,72211
20,44.4636358,-73.18039860000002,200 Dorset St,South Burlington,VT,5403
21,39.611724,-105.0888051,8055 West Bowles Ave,Littleton,CO,80123
22,39.7290846,-104.9403957,790 N Colorado Blvd,Denver,CO,80206
23,39.7287708,-104.9403211,750 N Colorado Blvd,Denver,CO,80206
24,39.7268649,-104.9827877,661 Logan Street,Denver,CO,80203
25,39.6091971,-104.9573526,"5910 S University Blvd, Suite E1",Greenwood Village,CO,80121
26,38.9073373,-104.8176367,5338 N Nevada Avenue,Colorado Springs,CO,80918
27,38.9072763,-104.8172815,5342 N Nevada Ave,Colorado Springs,CO,80918
28,39.5563188,-104.7776188,18374 Cottonwood Drive #150,Parker,CO,80138
29,40.5393421,-105.0752866,"3500 S College Ave, Ste 110",Fort Collins,CO,80525
30,40.0202684,-105.2578411,1906 28th St,Boulder,CO,80301
31,44.926697,-93.1458914,484 Lexington Pkwy S,St. Paul,MN,55105
32,44.0003608,-92.481255,1200 16th St SW,Rochester,MN,55902
33,44.9734888,-93.4227576,11220 Wayzata Blvd,Minnetonka,MN,55305
34,44.97705560000001,-93.2576606,721 Washington Ave S,Minneapolis,MN,55415
35,44.945734,-92.9226673,8960 Hudson Rd. Ste. 801,Woodbury,MN,55125
36,45.0921896,-93.4340902,12105 Elm Creek Blvd N,Maple Grove,MN,55369
37,44.93459199999999,-93.337399,4500 Excelsior Blvd,St. Louis Park,MN,55416
38,45.05799,-93.1447262,1041 Red Fox Rd,Shoreview,MN,55126
39,44.7903822,-93.2124406,2065 Cliff Road,Eagan,MN,55122
40,44.85919699999999,-93.3323459,4270 W 78th St,Bloomington,MN,55435
41,43.66181479999999,-70.2646208,87 Marginal Way,Portland,ME,4101
42,33.9262448,-84.3780993,6277 Roswell Road NE,Sandy Springs,GA,30328
43,33.8409526,-84.3749866,3183 Peachtree Rd,Atlanta,GA,30305
44,33.7797376,-84.3675947,931 Monroe Dr,Atlanta,GA,30308
45,34.0593442,-84.3796266,635 W Crossville Rd,Roswell,GA,30075
46,33.9831411,-84.42604709999999,4250 Roswell Road,Marietta,GA,30062
47,33.9792576,-84.2194839,5185 Peachtree Pkwy,Norcross,GA,30092
48,33.917286,-83.4426783,1850 Epps Bridge Pkwy,Athens,GA,30606
49,33.6513787,-112.3673991,14095 W Grand Ave,Surprise,AZ,85374
50,33.3811965,-111.7869797,2050 E Baseline Rd,Mesa,AZ,85204
51,33.5833102,-111.9790307,4726 East Shea Blvd,Phoenix,AZ,85028
52,33.5071515,-112.0377957,4821 N 20th St,Phoenix,AZ,85016
53,33.30407960000001,-111.9945018,4025 E Chandler Blvd,Phoenix,AZ,85048
54,34.5486805,-112.4054443,252 N Lee Blvd,Prescott,AZ,86303
55,32.2371687,-110.8589241,1101 N Wilmot Rd,Tucson,AZ,85712
56,32.2834981,-110.9447888,4209 N Campbell Ave,Tucson,AZ,85719
57,32.2497812,-110.8909436,4766 E Grant Rd,Tucson,AZ,85712
58,33.6393288,-112.2265726,7720 West Bell Rd,Glendale,AZ,85308
59,33.2570105,-111.6393211,21186 S. Ellsworth Loop Rd,Queen Creek,AZ,85142
60,33.3618135,-111.9122475,6460 S McClintock Dr,Tempe,AZ,85283
61,33.4223269,-111.9248153,940 E. University Drive,Tempe,AZ,85281
62,33.3062227,-111.7515319,1779 E. Williams Field Rd.,Gilbert,AZ,85295
63,32.3505126,-110.9731792,7912 N Oracle,Oro Valley,AZ,85704
64,33.6358602,-111.91713,7555 E Frank Lloyd Wright,Scottsdale,AZ,85260
65,33.5294368,-111.9275797,6202 N Scottsdale Rd,Scottsdale,AZ,85253
66,41.7127526,-71.4885129,1000 Bald Hill Rd,Warwick,RI,2886
67,41.818326,-71.4004516,425 S Main St,Providence,RI,2903
68,37.8369813,-122.2942301,5700 Christie Ave,Emeryville,CA,94608
69,33.6424952,-117.5953482,30652 Santa Margarita Pkwy,Rancho Santa Margarita,CA,92688
70,38.5467319,-121.7614861,885 Russell Blvd,Davis,CA,95616
71,34.17179369999999,-118.5177696,17640 Burbank Blvd,Encino,CA,91316
72,34.6003122,-118.149297,39507 10th St W,Palmdale,CA,93551
73,34.0005411,-117.7321143,13911 Peyton Drive,Chino Hills,CA,91709
74,32.65149,-116.9705123,878 Eastlake Pkwy,Chula Vista,CA,91914
75,37.2890018,-121.9325588,1875 Bascom Ave,Campbell,CA,95008
76,34.272659,-118.5016054,11114 Balboa Blvd,Granada Hills,CA,91344
77,34.1639323,-118.8250653,3835 E Thousand Oaks Blvd,Westlake Village,CA,91362
78,34.1800942,-118.9538252,125 N Reino Road,Thousand Oaks,CA,91320
79,34.2164343,-118.8894062,451 Avenida De Los Arboles,Thousand Oaks,CA,91360
80,38.00913,-121.3228167,6535 Pacific Ave,Stockton,CA,95207
81,37.845625,-122.2527156,5727 College Ave,Oakland,CA,94618
82,37.8097414,-122.2442512,3250 Lakeshore Ave,Oakland,CA,94610
83,34.1429443,-118.393033,11976 Ventura Blvd,Studio City,CA,91604
84,37.9952651,-122.2867436,2742 Pinole Valley Rd,Pinole,CA,94564
85,33.9492806,-118.0055254,15025 E Whittier Blvd,Whittier,CA,90603
86,37.3678921,-122.0358811,316 West El Camino Real,Sunnyvale,CA,94087
87,34.1400495,-118.1329065,345 S Lake Ave,Pasadena,CA,91101
88,34.1278856,-118.0894848,3035 E Huntington Dr,Pasadena,CA,91107
89,34.1537035,-118.078195,467 N Rosemead Blvd,Pasadena,CA,91107
90,34.1351409,-118.1468743,610 S Arroyo Pkwy,Pasadena,CA,91105
91,37.8718916,-122.2733198,1885 University Ave,Berkeley,CA,94703
92,33.7274599,-116.3966112,44250 Town Center Way,Palm Desert,CA,92260
93,36.6055799,-121.9219308,1170 Forest Ave,Pacific Grove,CA,93950
94,34.1749591,-118.2988641,214 E Alameda Ave,Burbank,CA,91502
95,36.974544,-122.0246976,700 Front St,Santa Cruz,CA,95060
96,37.6871676,-121.0494087,3250 Dale Road,Modesto,CA,95356
97,37.69678710000001,-121.8768923,3903 Santa Rita Road,Pleasanton,CA,94588
98,33.7892005,-116.4830524,67720 E Palm Canyon Dr,Cathedral City,CA,92234
99,34.139267,-118.2004436,1566 Colorado Blvd,Eagle Rock,CA,90041
100,37.8055155,-122.413738,401 Bay St,San Francisco,CA,94133
101,37.7266912,-122.4763099,265 Winston Dr,San Francisco,CA,94132
102,37.7711099,-122.4073786,555 9th St,San Francisco,CA,94103
103,37.7906365,-122.4179683,1095 Hyde St,San Francisco,CA,94109
104,37.7855248,-122.4057903,10 4th Street,San Francisco,CA,94103
105,37.7833698,-122.4478739,3 Masonic Ave,San Francisco,CA,94118
106,33.7011809,-117.8842077,3329 S Bristol St,Santa Ana,CA,92704
107,34.4285684,-118.5382801,26517 Bouquet Canyon Rd,Santa Clarita,CA,91350
108,32.8649117,-117.2318811,8657 Villa la Jolla Dr,La Jolla,CA,92037
109,38.4175177,-122.7120491,2100 Santa Rosa Ave,Santa Rosa,CA,95407
110,38.4735472,-122.7323035,3225 Cleveland Ave,Santa Rosa,CA,95403
111,34.151912,-118.3519298,10130 Riverside Dr,Toluca Lake,CA,91602
112,32.7498752,-117.1538189,1090 University Avenue,San Diego,CA,92103
113,32.8005438,-117.2406508,1640 Garnet Ave,San Diego,CA,92109
114,32.7720159,-117.0703521,5140 College Ave,San Diego,CA,92115
115,32.7660316,-117.1550596,1072 Camino Del Rio North,San Diego,CA,92108
116,32.9611431,-117.1914046,13480 Highlands Place,San Diego,CA,92130
117,32.7359623,-117.2172925,2401 Truxtun Rd,San Diego,CA,92106
118,32.9821123,-117.0750506,11955 Carmel Mountain Rd,San Diego,CA,92128
119,32.9144947,-117.1151691,9850 Hibert St,San Diego,CA,92131
120,33.1000238,-117.074828,1885 S Centre City Pkwy,Escondido,CA,92025
121,40.5917021,-122.3571132,845 Browning St,Redding,CA,96003
122,38.8028703,-121.209243,5116 Commons Dr. #103,Rocklin,CA,95677
123,34.1579742,-118.4408137,14119 Riverside Dr,Sherman Oaks,CA,91423
124,33.1841133,-117.3319447,2570 Vista Way,Oceanside,CA,92054
125,32.7792966,-117.0056147,5495 Grossmont Center Dr,La Mesa,CA,91942
126,37.9378615,-122.5149604,2052 Redwood Hwy,Greenbrae,CA,94904
127,37.8233796,-122.003646,85 Railroad Ave,Danville,CA,94526
128,34.1377362,-117.5741371,6401 Haven Ave,Rancho Cucamonga,CA,91737
129,33.7119922,-116.2942688,46400 Washington St,La Quinta,CA,92253
130,37.7000041,-122.482237,417 Westlake Center,Daly City,CA,94015
131,38.2641547,-122.0522272,1350 Gateway Blvd,Fairfield,CA,94533
132,37.4022973,-122.1106157,590 Showers Dr,Mountain View,CA,94040
133,37.3117915,-122.0309145,7250 Bollinger Rd,San Jose,CA,95129
134,37.2512923,-121.8774714,5353 Almaden Expressway #J-38,San Jose,CA,95118
135,37.3409601,-121.9093975,635 Coleman Ave,San Jose,CA,95110
136,37.293118,-121.9941404,5269 Prospect,San Jose,CA,95129
137,38.6620478,-121.2738131,5309 Sunrise Blvd,Fair Oaks,CA,95628
138,37.4512158,-122.1835183,720 Menlo Ave,Menlo Park,CA,94025
139,37.6038473,-122.3957937,765 Broadway,Millbrae,CA,94030
140,34.4250274,-119.6815129,222 North Milpas Street,Santa Barbara,CA,93103
141,34.4389627,-119.728949,3025 De La Vina St,Santa Barbara,CA,93105
142,33.8185485,-118.3862774,1761 S Elena Ave,Redondo Bch.,CA,90277
143,33.8897262,-117.7921699,19655 Yorba Linda Blvd,Yorba Linda,CA,92886
144,38.4066009,-121.4205286,9670 Bruceville Road,Elk Grove,CA,95757
145,37.9611463,-121.7501075,5451 Lone Tree Way,Brentwood,CA,94513
146,37.5545382,-122.3025133,1820-22 S Grant Street,San Mateo,CA,94402
147,37.5354584,-122.2981725,45 W Hillsdale Blvd,San Mateo,CA,94403
148,33.4592597,-117.6526509,638 Camino de Los Mares,San Clemente,CA,92673
149,37.2441186,-121.9579316,15466 Los Gatos Blvd,Los Gatos,CA,95032
150,34.1598391,-118.2545353,103 E Glenoaks Blvd,Glendale,CA,91207
151,37.4125042,-121.8998239,1306 Great Mall Pkwy,Milpitas,CA,95035
152,33.83553920000001,-118.1884404,4210 Long Beach Blvd,Long Beach,CA,90807
153,33.7576624,-118.1089303,6451 E Pacific Coast  Hwy,Long Beach,CA,90803
154,33.7967761,-118.1228974,2222 North Bellflower Blvd,Long Beach,CA,90815
155,35.3556172,-119.0934994,8200 Stockdale Hwy,Bakersfield,CA,93311
156,34.9380236,-120.4213274,1303 S Bradley Rd,Santa Maria,CA,93454
157,33.746471,-117.8096194,1198 Irvine Blvd.,Tustin,CA,92780
158,33.8114911,-117.5065624,2790 Cabot Dr,Corona,CA,92883
159,33.1266131,-117.2546598,2629 Gateway Rd,Carlsbad,CA,92009
160,33.0471008,-117.2558081,115 N El Camino Real,Encinitas,CA,92024
161,33.9105696,-117.8700159,2500 E Imperial Hwy,Brea,CA,92821
162,34.1073921,-117.7220344,475 W Foothill Blvd,Claremont,CA,91711
163,36.8493342,-119.728035,1077 N Willow Ave,Clovis,CA,93611
164,33.7493301,-118.4066803,31176 Hawthorne Blvd,Rancho Palos Verdes,CA,90275
165,33.7565157,-118.3116513,28901 S Western Ave,Rancho Palos Verdes,CA,90275
166,35.5419292,-120.715191,1111 Rossi Road,Templeton,CA,93465
167,34.1063419,-117.8241284,856 W Arrow Hwy,San Dimas,CA,91773
168,33.8234418,-117.8365462,2114 N Tustin St,Orange,CA,92865
169,37.3366744,-122.067397,2310 Homestead Rd,Los Altos,CA,94024
170,34.0257349,-118.284175,3131 S Hoover Street,Los Angeles,CA,90089
171,34.0721164,-118.3616081,175 South Fairfax Ave,Los Angeles,CA,90036
172,34.1076383,-118.2715775,2738 Hyperion Ave,Los Angeles,CA,90027
173,34.0204805,-118.4221063,3456 S Sepulveda Blvd,Los Angeles,CA,90034
174,34.1003784,-118.3260586,1600 N Vine St,Los Angeles,CA,90028
175,34.030059,-118.4214825,10850 National Blvd,Los Angeles,CA,90064
176,34.0691505,-118.3444162,263 S La Brea Ave,Los Angeles,CA,90036
177,34.0711651,-118.3770707,8500 Burton Way,Los Angeles,CA,90048
178,34.0622696,-118.4437742,1000 Glendon Ave,Los Angeles,CA,90024
179,34.0976043,-118.365233,8000 W Sunset Blvd,Los Angeles,CA,90046
180,34.0337173,-118.4493108,11755 Olympic Blvd,Los Angeles,CA,90064
181,33.8522499,-118.3532856,19720 Hawthorne Blvd,Torrance,CA,90503
182,33.790641,-118.330186,2545 Pacific Coast Hwy,Torrance,CA,90505
183,34.0605011,-117.181021,552 Orange St,Redlands,CA,92374
184,37.8902393,-122.126966,3649 Mt Diablo Blvd,Lafayette,CA,94549
185,37.9368265,-122.024742,785 Oak Grove Rd,Concord,CA,94518
186,37.979231,-122.0561341,1150 Concord Ave,Concord,CA,94520
187,33.7175194,-118.05145,16821 Algonquin St,Huntington Beach,CA,92649
188,33.6925294,-117.9927157,18681 Main St,Huntington Beach,CA,92648
189,33.6512647,-117.9548614,21431 Brookhurst St,Huntington Beach,CA,92646
190,33.5183111,-117.6838768,32351 Street of the Golden Lantern,Laguna Niguel,CA,92677
191,38.7462886,-121.274886,1117 Roseville Square,Roseville,CA,95678
192,33.5690959,-117.8334445,8086 E Pacific Coast Hwy,Newport Beach,CA,92657
193,38.61859690000001,-121.4001675,2625 Marconi Ave,Sacramento,CA,95821
194,38.560398,-121.444806,5000 Folsom Blvd,Sacramento,CA,95819
195,34.2810581,-118.7384764,2975-A Cochran St,Simi Valley,CA,93065
196,33.9004811,-118.3812106,1800 Rosecrans Blvd,Manhattan Beach,CA,90266
197,33.8876384,-118.379888,1821 Manhattan Beach Blvd,Manhattan Beach,CA,90266
198,37.1311381,-121.6382032,17035 Laurel Rd,Morgan Hill,CA,95037
199,38.2480431,-122.6280104,169 N McDowell Blvd,Petaluma,CA,94954
200,33.8638765,-118.3915724,1100 Pacific Coast Hwy,Hermosa Beach,CA,90254
201,34.2582554,-118.5787951,10330 Mason Ave,Chatsworth,CA,91311
202,34.1931166,-118.6257953,6751 Fallbrook Ave,West Hills,CA,91307
203,33.6099179,-117.7027782,24231 Avenida De La Carlota,Laguna Hills,CA,92653
204,36.5965585,-121.8943519,570 Munras Ave,Monterey,CA,93940
205,33.4961545,-117.6636584,32151 Camino Capistrano,San Juan Capistrano,CA,92675
206,33.9186903,-117.9690152,"2101 W. Imperial Hwy, Suite A",La Habra,CA,90631
207,34.2198547,-119.0532205,363 Carmen Dr,Camarillo,CA,93010
208,37.5434679,-121.9861519,39324 Argonaut Way,Fremont,CA,94538
209,33.9559323,-117.3884753,6225 Riverside Plaza,Riverside,CA,92506
210,33.6367934,-117.9245798,640 W 17th St,Costa Mesa,CA,92627
211,37.89907,-122.2998557,225 El Cerrito Plaza,El Cerrito,CA,94530
212,38.1118504,-122.5681231,7514 Redwood Blvd,Novato,CA,94945
213,37.4389939,-122.1588204,855 El Camino Real,Palo Alto,CA,94301
214,34.200037,-118.1884204,475 Foothill Blvd,La Canada,CA,91011
215,35.2451064,-120.6732376,3977 Higuera Street,San Luis Obispo,CA,93401
216,33.5288206,-117.1561498,40665 Winchester Rd,Temecula,CA,92591
217,34.1818815,-118.3959657,6130 Laurel Canyon Bl,North Hollywood,CA,91606
218,34.2572008,-119.2118273,1795 S. Victoria Ave,Ventura,CA,93003
219,34.27164,-119.2490582,103 S Mills Rd,Ventura,CA,93003
220,38.6724426,-121.1559149,850 East Bidwell,Folsom,CA,95630
221,37.6853639,-122.073003,22224 Redwood Road,Castro Valley,CA,94546
222,34.1378959,-118.0120901,604 W Huntington Dr,Monrovia,CA,91016
223,33.5774874,-117.7247835,26541 Aliso Creek Rd,Aliso Viejo,CA,92656
224,37.7577358,-122.2515191,2217 South Shore Center,Alameda,CA,94501
225,33.98801,-118.3928504,6150 Slauson Ave,Culver City,CA,90230
226,34.0252255,-118.3929931,9290 Culver Blvd,Culver City,CA,90232
227,37.6803533,-121.7816937,1122 A East Stanley Blvd,Livermore,CA,94550
228,33.6998684,-117.7418594,6222 Irvine Blvd,Irvine,CA,92620
229,33.7061608,-117.7884205,14443 Culver Dr,Irvine,CA,92604
230,33.6504666,-117.8375077,4225 Campus Dr,Irvine,CA,92612
231,37.9695393,-122.5164701,337 3rd St,San Rafael,CA,94901
232,37.7641646,-121.9521083,300 Market Place,San Ramon,CA,94583
233,33.5930519,-117.658427,25410 Marguerite Pkwy,Mission Viejo,CA,92692
234,33.9587392,-118.3966617,8645 S Sepulveda,Westchester,CA,90045
235,34.1556665,-118.6449836,23741 Calabasas Rd.,Calabasas,CA,91302
236,34.1464425,-118.7566493,28941 Canwood St,Agoura Hills,CA,91301
237,34.1153046,-118.1629627,613 Mission St,S. Pasadena,CA,91030
238,38.3227963,-122.3058353,3654 Bel Aire Plaza,Napa,CA,94558
239,37.8932731,-122.0607009,1372 S California Blvd,Walnut Creek,CA,94596
240,34.0905855,-118.3492106,7310 Santa Monica Blvd,West Hollywood,CA,90046
241,34.0880939,-118.3795672,8611 Santa Monica Blvd,West Hollywood,CA,90069
242,36.8580391,-119.7825955,8478 N. Friant Road,Fresno,CA,93720
243,33.8692417,-118.0581293,12861 Towne Center Dr,Cerritos,CA,90703
244,34.0157655,-118.4919662,500 S. Broadway,Santa Monica,CA,90401
245,34.0333664,-118.4804721,2300 Wilshire Blvd #101,Santa Monica,CA,90403
246,34.0263599,-118.455773,3212 Pico Blvd,Santa Monica,CA,90405
247,34.4406928,-119.825238,5767 Calle Real,Goleta,CA,93117
248,39.7593327,-121.8465736,801 East Ave,Chico,CA,95926
249,35.125703,-120.5940538,955 Rancho Pkwy,Arroyo Grande,CA,93420
250,37.4963969,-122.2485942,1482 El Camino Real,San Carlos,CA,94070
251,34.2069873,-118.2331547,2462 Honolulu Ave,Montrose,CA,91020
252,37.664736,-122.4461046,301 MC Lellan Dr,South San Francisco,CA,94080
253,36.9777826,-121.970419,3555 Clares St #D,Capitola,CA,95010
254,33.9795313,-118.441315,4675 Admiralty Way,Marina Del Rey,CA,90292
255,34.1672602,-118.5923118,21055 Ventura Blvd,Woodland Hills,CA,91364
256,35.0907799,-89.80117369999999,2130 Exeter Rd.,Germantown,TN,38138
257,35.9271838,-84.04598279999999,8001 Kingston Pike,Knoxville,TN,37919
258,35.0328542,-85.15470140000001,2111 Gunbarrel Road,Chattanooga,TN,37421
259,36.1307261,-86.85222700000001,90 White Bridge Rd,Nashville,TN,37205
260,36.1050835,-86.815626,3909 Hillsboro Pike,Nashville,TN,37215
261,35.9482523,-86.8221603,545 Cool Springs Blvd,Franklin,TN,37067
262,40.74213049999999,-96.67479550000002,3120 Pine Lake Rd,Lincoln,NE,68516
263,41.2481989,-96.0739546,10305 Pacific St,Omaha,NE,68114
264,42.70801489999999,-71.4384243,262 Daniel Webster HWY,Nashua,NH,3060
265,43.0950622,-70.8010319,45 Gosling Rd,Portsmouth,NH,3801
266,42.9539632,-71.47752179999999,2 Market Street,Bedford,NH,3110
267,43.0649866,-89.4175436,1810 Monroe St,Madison,WI,53711
268,43.0356775,-88.07015009999999,12665 W. Bluemound Rd,Brookfield,WI,53005
269,43.1189323,-87.9162927,5600 N Port Washington Rd,Milwaukee,WI,53217
270,41.3932099,-73.5215003,113 Mill Plain Rd,Danbury,CT,6811
271,41.1832041,-73.25317679999999,2258 Black Rock Turnpike,Fairfield,CT,6825
272,41.7234546,-72.7580182,1489 New Britain Ave,West Hartford,CT,6110
273,41.25081249999999,-73.0188747,560 Boston Post Rd,Orange,CT,6477
274,41.0848465,-73.4623623,436 Boston Post Rd,Darien,CT,6820
275,41.1398413,-73.3519417,400 Post Road E,Westport,CT,6880
276,41.8067497,-72.5576549,1510 Pleasant Valley Road,Manchester,CT,6042
277,41.1068964,-73.5473117,1041 High Ridge Rd,Stamford,CT,6905
278,40.0734886,-75.43351679999999,171 E Swedesford Rd,Wayne,PA,19087
279,40.2244309,-76.93707119999999,3545 Gettysburg Road,Camp Hill,PA,17011
280,40.5704092,-80.0223146,9020 Covenant Ave,Pittsburgh,PA,15237
281,40.3513544,-80.0517205,1630 Washington Rd,Pittsburgh,PA,15241
282,40.4592363,-79.9191827,6343 Penn Ave,Pittsburgh,PA,15206
283,39.91755879999999,-75.38889979999999,12 E State St,Media,PA,19063
284,40.1083747,-75.1221563,933 Old York Rd,Jenkintown,PA,19046
285,39.9541791,-75.16243589999999,1324 Arch St.,Philadelphia,PA,19107
286,39.9541811,-75.1759714,2121 Market St,Philadelphia,PA,19103
287,40.8103369,-77.9022379,243 Patriot Lane,State College,PA,16803
288,40.2085543,-75.22306789999999,1460 Bethlehem Pike,North Wales,PA,19454
289,40.0072791,-75.2865954,112 Coulter Ave,Ardmore,PA,19003
290,30.4220212,-91.1542526,3535 Perkins Rd,Baton Rouge,LA,70808
291,30.0044051,-90.1520588,2949 Veterans Blvd,Metairie,LA,70002
292,39.83383269999999,-75.54172419999999,5605 Concord Pike,Wilmington,DE,19803
293,39.6731366,-75.64803839999999,2500 Fashion Center Blvd.,Newark,DE,19702
294,27.9372655,-82.506331,3808 W Swann Ave,Tampa,FL,33609
295,26.14812,-80.11899869999999,1560 N Federal Hwy,Fort Lauderdale,FL,33304
296,26.4389112,-80.0701042,1851 S Federal Highway #500,Delray Beach,FL,33483
297,30.5040515,-84.2506602,3425 Thomasville Rd,Tallahassee,FL,32309
298,26.3421589,-80.0872337,855 S Federal Hwy,Boca Raton,FL,33432
299,30.1750641,-81.6299232,11112 San Jose Blvd,Jacksonville,FL,32223
300,25.6844073,-80.3125623,9205 S Dixie Hwy,Miami,FL,33156
301,25.8066315,-80.19300249999999,3191 NE 1st Ave,Miami,FL,33137
302,28.4503045,-81.4965868,8323 Sand Lake Rd,Orlando,FL,32819
303,28.5982197,-81.36556139999999,131 Orlando Ave.,Winter Park,FL,32789
304,25.7293608,-80.2580989,211 S. Dixie Highway,Coral Gables,FL,33133
305,29.6232817,-82.37997879999999,3724 SW Archer Rd,Gainesville,FL,32608
306,26.0928399,-80.2519958,2296 S University Dr,Davie,FL,33324
307,26.6367416,-80.2055644,2877 South State Rd 7,Wellington,FL,33414
308,26.5871679,-81.86964309999999,4983 S. Cleveland Avenue,Fort Myers,FL,33907
309,26.2645827,-80.25069119999999,2796 N. University Drive,Coral Springs,FL,33065
310,27.7974016,-82.63882749999999,2742 4th St N,St. Petersburg,FL,33704
311,26.8437756,-80.0741839,2560 PGA Blvd,Palm Beach Gardens,FL,33410
312,26.0058489,-80.3107778,11960 Pines Blvd,Pembroke Pines,FL,33026
313,25.7918712,-80.1423154,1683 West Ave,Miami Beach,FL,33139
314,27.294762,-82.530019,4101 S Tamiami Trail,Sarasota,FL,34231
315,26.2681317,-81.8005297,10600 Tamiami Trail N,Naples,FL,34108
316,30.2569383,-81.3898162,4180 S 3rd St,Jacksonville Beach,FL,32250
317,40.6241078,-111.8537251,6989 S 1300 E,Cottonwood Heights,UT,84047
318,40.7596686,-111.8726019,634 East 400 South,Salt Lake City,UT,84102
319,40.27639690000001,-111.6848172,440 East Park Avenue,Orem,UT,84097
320,40.8365328,-74.151292,259 Allwood Road,Clifton,NJ,7012
321,40.8661795,-74.5063192,3056 State Route 10 West,Denville,NJ,7834
322,40.7230026,-74.2961459,187 Millburn Ave,Millburn,NJ,7041
323,40.4628556,-74.45924959999999,869 US-1,North Brunswick,NJ,8902
324,40.5636986,-74.5565024,315 Promenade Blvd,Bridgewater,NJ,8807
325,40.9931741,-74.0359794,20 Irvington St,Westwood,NJ,7675
326,40.3161376,-74.0609307,1031 Broad St,Shrewsbury,NJ,7702
327,40.8196686,-73.9775851,715 River Rd,Edgewater,NJ,7020
328,40.6522247,-74.3499954,155 Elm St,Westfield,NJ,7090
329,40.7888404,-74.3923305,176 Columbia Turnpike,Florham Park,NJ,7932
330,40.753623,-74.0300623,1350 Willow Ave.,Hoboken,NJ,7030
331,40.2818476,-74.2922531,4331 Route 9 Unit 3,Freehold,NJ,7728
332,40.9483179,-74.0705862,404 Rt 17 N,Paramus,NJ,7652
333,39.890768,-74.9242028,300 P Route 73 S,Marlton,NJ,8053
334,40.31060240000001,-74.6611769,3528 Brunswick Pike,Princeton,NJ,8540
335,40.0572433,-74.1408787,110 Brick Plaza,Brick,NJ,8723
336,39.9290357,-75.03309519999999,775 Haddonfield Rd,Cherry Hill,NJ,8002
337,40.959359,-74.2304279,910 Hamburg Turnpike,Wayne,NJ,7470
338,35.175132,-106.5426633,8928 Holly Ave NE,Albuquerque,NM,87122
339,35.1022335,-106.5654572,2200 Uptown Loop NE,Albuquerque,NM,87110
340,35.6729716,-105.953372,530 W Cordova Rd,Santa Fe,NM,87505
341,35.8094722,-78.8176467,951 Morrisville Parkway,Morrisville,NC,27560
342,35.9361432,-79.0261036,1800 E Franklin St,Chapel Hill,NC,27514
343,34.2107721,-77.8857637,1437 S College Rd,Wilmington,NC,28403
344,35.603047,-82.5535733,120 Merrimon Ave,Asheville,NC,28801
345,36.1312909,-79.8577703,3721 Battleground Ave.,Greensboro,NC,27410
346,35.8232408,-78.62171120000001,3000 Wake Forest Rd,Raleigh,NC,27609
347,35.3368095,-80.7545264,1820 E Arbors Dr,Charlotte,NC,28262
348,35.2118507,-80.8356919,1133 Metropolitan Ave,Charlotte,NC,28204
349,35.0788563,-80.8179279,6418 Rea Rd,Charlotte,NC,28277
350,35.758902,-78.7815442,1393 Kildaire Farm Rd,Cary,NC,27511
351,36.0930435,-80.28191439999999,252 South Stratford Road,Winston Salem,NC,27103
352,38.912425,-94.6357532,4201 W 119th St,Leawood,KS,66209
353,37.7162774,-97.2437526,1800 N. Rock Road,Wichita,KS,67206
354,42.3498471,-71.2194379,1121 Washington St,West Newton,MA,2465
355,42.3582624,-71.1141683,748 Memorial Dr,Cambridge,MA,2139
356,42.39002199999999,-71.1435906,211 Alewife Brook Pkwy,Cambridge,MA,2138
357,41.6662989,-70.29237839999999,655 Iyannough Road Rt 132,Hyannis,MA,2601
358,42.2753458,-71.7512196,77 Boston Turnpike,Shrewsbury,MA,1545
359,42.2991676,-71.42483419999999,659 Worcester Rd,Framingham,MA,1701
360,42.4827877,-71.4140695,145 Great Rd,Acton,MA,1720
361,42.122497,-70.83161419999999,1775 Washington St,Hanover,MA,2339
362,42.4846259,-70.95881299999999,358 Broadway,Saugus,MA,1906
363,42.2923534,-71.2351992,958 Highland Ave,Needham,MA,2494
364,42.3635097,-71.1298352,199 North Harvard Street,Allston,MA,2134
365,42.4253925,-71.1885212,1427 Massachusetts Ave,Arlington,MA,2476
366,42.3419605,-71.1204815,1317 Beacon St,Brookline,MA,2446
367,42.0866187,-71.2692716,350 Patriot Place,Foxborough,MA,2035
368,42.3956168,-71.0828193,145 Middlesex Ave,Somerville,MA,2145
369,42.54916600000001,-70.9574663,300 Andover St,Peabody,MA,1960
370,42.473428,-71.2106665,51 Middlesex Turnpike,Burlington,MA,1803
371,42.3518576,-71.04727009999999,44 Thomson Place,Boston,MA,2210
372,42.3484566,-71.0840861,899 Boylston St,Boston,MA,2115
373,42.3577603,-72.5493664,375 Russell St,Hadley,MA,1035
374,42.2490667,-70.92379679999999,5 Essington Drive,Hingham,MA,2043
375,34.8290454,-82.3056746,59 Woodruff Industrial Ln,Greenville,SC,29607
376,34.0200278,-80.9726801,4516 Forest Drive,Columbia,SC,29206
377,32.8047946,-79.8871696,401 Johnnie Dodds Blvd,Mt. Pleasant,SC,29464
378,42.6829545,-83.1951258,3044 Walton Blvd,Rochester Hills,MI,48309
379,42.4954068,-83.1636857,27880 Woodward Ave,Royal Oak,MI,48067
380,42.9119665,-85.57668679999999,3684 28th St SE,Kentwood,MI,49512
381,42.4227691,-83.4337553,18771 Traditions Drive,Northville,MI,48167
382,42.2701259,-85.6499899,5099 Century Ave,Kalamazoo,MI,49006
383,42.258405,-83.71302250000001,2398 East Stadium Blvd,Ann Arbor,MI,48104
384,42.5441271,-83.28676349999999,6536 Telegraph Rd,Bloomfield Hills,MI,48301
385,42.389772,-82.915887,17028 Kercheval Ave,Grosse Pointe,MI,48230
386,36.1455248,-115.3353905,2315 Summa Dr Ste 100,Las Vegas,NV,89135
387,36.1806667,-115.2581566,7575 W Washington,Las Vegas,NV,89128
388,36.26356000000001,-115.25755,5639 Centennial Ctr Blvd,Las Vegas,NV,89149
389,39.4787891,-119.7839949,5035 S McCarran Blvd,Reno,NV,89502
390,36.0008721,-115.1093337,10345 S Eastern Ave,Henderson,NV,89052
391,36.0695804,-115.0811185,2716 N Green Valley Pkwy,Henderson,NV,89014
392,38.9311431,-119.7327586,3790 US Hwy 395 S,Carson City,NV,89705
393,43.6130276,-116.2037053,300 S Capitol Blvd,Boise,ID,83702
394,43.6320993,-116.3518891,2986 N. Eagle RD.,Meridian,ID,83646
395,38.0049274,-84.51851239999999,2320 Nicholasville Road,Lexington,KY,40503
396,38.0049273,-84.51836279999999,2326 Nicholasville Rd,Lexington,KY,40503
397,39.0260762,-84.57732519999999,2785 Dixie Highway,Crestview Hills,KY,41017
398,39.0288459,-84.5771427,2780 Dixie Highway,Crestview Hills,KY,41017
399,38.2500008,-85.63139600000001,4600 Shelbyville Rd Ste 112,Louisville,KY,40207
400,38.2500898,-85.6313705,4600 Shelbyville Rd Ste 111,Louisville,KY,40207
401,39.3881322,-76.73608709999999,1809 Reisterstown Rd,Pikesville,MD,21208
402,39.0313332,-77.0035012,10741 Columbia Pike,Silver Spring,MD,20901
403,39.0965444,-77.2067876,10076 Darnestown Rd,Rockville,MD,20850
404,39.0570549,-77.1223481,12268-H Rockville Pike,Rockville,MD,20852
405,38.978257,-77.0905313,6831 Wisconsin Ave,Bethesda,MD,20815
406,38.9896194,-77.09570169999999,7900 Wisconsin Ave,Bethesda,MD,20814
407,39.4115221,-76.61825569999999,800 Kenilworth Drive,Towson,MD,21204
408,38.9889202,-76.54024299999999,160 F Jennifer Rd,Annapolis,MD,21401
409,38.9784454,-76.9379834,4429 Calvert Road,College Park,MD,20740
410,39.1883169,-76.79563739999999,6610 Marie Curie Dr,Elkridge,MD,21075
411,36.1096067,-95.975934,3702 S Peoria Ave,Tulsa,OK,74105
412,35.5376946,-97.5310595,6409 Avondale Dr,Nichols Hills,OK,73116
413,41.6833223,-91.5647228,920 Ponseti Way,Coralville,IA,52241
414,41.56137349999999,-93.7948121,6305 Mills Civic Pkwy,West Des Moines,IA,50266
415,42.859042,-73.7664479,3 Halfmoon Crossing Blvd,Halfmoon,NY,12065
416,42.7141625,-73.81203889999999,79 Wolf Rd,Colonie,NY,12205
417,43.10128840000001,-77.5383647,3349 Monroe Ave,Rochester,NY,14618
418,40.97233749999999,-73.80487,727 White Plains Rd,Scarsdale,NY,10583
419,40.730446,-73.9809993,436 East 14th St,New York,NY,10009
420,40.7256813,-74.00472789999999,233 Spring Street,New York,NY,10013
421,40.7439882,-73.97908389999999,200 E 32nd St,New York,NY,10016
422,40.79071039999999,-73.96950980000001,670 Columbus Ave,New York,NY,10025
423,40.7164903,-73.9867718,400 Grand St. (Cellar),New York,NY,10002
424,40.733371,-73.9878966,142 E 14th St,New York,NY,10003
425,40.7420901,-73.9941211,675 6th Ave,New York,NY,10010
426,40.778552,-73.9822648,2073 Broadway,New York,NY,10023
427,40.7597032,-73.9615347,405 E. 59th Street,New York,NY,10022
428,40.6268403,-73.6411574,3418 Long Beach Rd,Oceanside,NY,11572
429,40.8690995,-73.12930229999999,2085 Smith Haven Plaza,Lake Grove,NY,11755
430,42.997896,-78.82171749999999,1565 Niagara Falls Blvd,Buffalo,NY,14228
431,42.4286126,-76.5102534,744 S Meadow Street,Ithaca,NY,14850
432,40.6392018,-73.70172029999999,1280 West Broadway,Hewlett,NY,11557
433,41.0255446,-73.7934729,215 N Central Ave,Hartsdale,NY,10530
434,40.7443902,-73.6039002,910 Old Country Rd,Garden City,NY,11530
435,43.0462423,-76.07064629999999,3422 Erie Blvd E,Syracuse,NY,13214
436,41.2916645,-73.824354,3240 Crompond Road,Yorktown,NY,10598
437,40.745854,-73.94620100000002,22-43 Jackson Ave,Long Island City,NY,11101
438,40.5896623,-74.1657412,2385 Richmond Ave,Staten Island,NY,10314
439,40.9383639,-73.7464526,1260 Boston Post Rd,Larchmont,NY,10538
440,40.6895837,-73.9928699,130 Court St,Brooklyn,NY,11201
441,40.717736,-73.96471850000002,200 Kent Ave,Brooklyn,NY,11249
442,40.6909903,-73.9829908,445 Gold St,Brooklyn,NY,11201
443,40.8403293,-73.30748919999999,5900 Jericho Turnpike,Commack,NY,11725
444,40.6533623,-73.5587687,1714 Merrick Rd,Merrick,NY,11566
445,40.7817125,-73.5015006,425 S Oyster Bay Rd,Plainview,NY,11803
446,40.7112267,-73.85834299999999,9030 Metropolitan Ave,Rego Park,NY,11374
447,39.6883846,-84.16498709999999,328 East Stroop Rd,Kettering,OH,45429
448,41.6804083,-81.3001534,9474 Mentor Ave,Mentor,OH,44060
449,40.09650449999999,-83.0930892,6355 Sawmill Rd,Dublin,OH,43017
450,41.4571069,-81.95103929999999,175 Market St,Westlake,OH,44145
451,40.0493003,-82.9180099,3888 Townsfair Way,Columbus,OH,43219
452,41.4633069,-81.479131,28425 Chagrin Blvd,Woodmere,OH,44122
453,39.1973262,-84.3817041,7788 Montgomery Rd,Cincinnati,OH,45236
454,47.2230636,-122.5381784,3800 Bridgeport Way W,University Place,WA,98466
455,47.6307602,-122.1334287,15563 NE 24th St,Bellevue,WA,98007
456,47.6137853,-122.1853158,416 116th Ave NE,Bellevue,WA,98004
457,47.675818,-122.1279924,15932 Redmond Way,Redmond,WA,98052
458,47.8196337,-122.313765,19715 Highway 99,Lynnwood,WA,98036
459,47.3595869,-122.1669397,12966 SE Kent-Kangley Rd,Kent,WA,98030
460,47.6554254,-122.6831633,9991 Mickelberry Rd,Silverdale,WA,98383
461,47.460074,-122.3313908,15868 1st Ave S,Burien,WA,98148
462,45.61879649999999,-122.5543273,305 SE Chkalov Dr,Vancouver,WA,98683
463,47.7088991,-117.409297,5520 N Division St,Spokane,WA,99208
464,47.6289661,-117.3666428,2975 East 29th Ave,Spokane,WA,99223
465,47.9107208,-122.2213893,811 SE Everett Mall Way,Everett,WA,98208
466,47.3169255,-122.3109368,1758 S 320th St,Federal Way,WA,98003
467,47.5439787,-122.0522419,975 NW Gilman Blvd,Issaquah,WA,98027
468,47.0335349,-122.9372333,1530 Black Lake Blvd SW,Olympia,WA,98502
469,47.6160065,-122.3097059,1700 Madison St,Seattle,WA,98122
470,47.66261009999999,-122.3175931,4555 Roosevelt Way NE,Seattle,WA,98105
471,47.5619296,-122.3810293,4545 Fauntleroy Way SW,Seattle,WA,98116
472,47.6625019,-122.3738473,4609 14th Ave NW,Seattle,WA,98107
473,47.63661219999999,-122.3566321,1916 Queen Anne Ave N,Seattle,WA,98109
474,47.7115288,-122.1799597,12520 Totem Lake Blvd NE,Kirkland,WA,98034
475,47.613851,-122.0338824,490 228th Ave NE,Sammamish,WA,98074
476,48.76212599999999,-122.463924,2410 James St,Bellingham,WA,98225
477,47.75491479999999,-122.3433056,1201 N 175th St,Shoreline,WA,98133
478,41.6180449,-87.85462120000001,14924 S La Grange Rd,Orland Park,IL,60462
479,42.0127157,-87.8323637,190 N NW Highway,Park Ridge,IL,60068
480,41.8638134,-88.33839139999999,1942 W Fabyan Pkwy,Batavia,IL,60510
481,42.1506654,-87.7987265,127 Skokie Blvd,Northbrook,IL,60062
482,41.8605268,-88.0586561,680 Roosevelt Rd,Glen Ellyn,IL,60137
483,42.0397785,-87.6800329,1211 Chicago Avenue,Evanston,IL,60202
484,41.8900855,-87.80491529999999,483 N Harlem Ave,Oak Park,IL,60301
485,41.8110584,-87.9890937,122 Ogden Ave,Downers Grove,IL,60515
486,42.1483637,-88.3358284,1800 S Randall Rd,Algonquin,IL,60102
487,42.0510988,-88.041887,1426 E Golf Rd,Schaumburg,IL,60173
488,41.7545412,-88.1405028,44 W Gartner Rd,Naperville,IL,60540
489,41.8173165,-87.8693557,25 N La Grange Rd,La Grange,IL,60525
490,42.1129268,-87.9826671,17 W Rand Rd,Arlington Heights,IL,60004
491,42.080989,-87.7971592,1407 Waukegan Rd,Glenview,IL,60025
492,42.2551401,-87.9468828,1600 S Milwaukee Ave,Libertyville,IL,60048
493,42.1888171,-88.1089823,735 W Route 22,Lake Zurich,IL,60047
494,41.796396,-87.58838399999999,1528 E 55th Street,Chicago,IL,60615
495,41.8934274,-87.6263096,44 E Ontario St,Chicago,IL,60611
496,41.9498851,-87.67514039999999,3745 N Lincoln Ave,Chicago,IL,60613
497,41.8677417,-87.6253942,1147 S Wabash Ave,Chicago,IL,60605
498,41.9144861,-87.6549833,1840 N Clybourn Ave,Chicago,IL,60614
499,41.9324176,-87.6462646,667 W Diversey Pkwy,Chicago,IL,60614
500,45.5366231,-122.8696106,2285 NW 185th Ave,Hillsboro,OR,97124
501,44.5822604,-123.2599744,1550 NW 9th St,Corvallis,OR,97330
502,45.4036566,-122.7965719,16200 SW Pacific Hwy,Tigard,OR,97224
503,45.488029,-122.797606,11753 SW Beaverton Hillsdale Hwy,Beaverton,OR,97005
504,45.4558588,-122.5807379,9345 SE 82nd Ave,Clackamas,OR,97086
505,45.4138108,-122.7432923,15391 SW Bangy Rd,Lake Oswego,OR,97035
506,44.1010627,-121.3022976,63455 N Hwy 97,Bend,OR,97701
507,42.3434878,-122.8822438,55 Rossanley Dr,Medford,OR,97501
508,44.88960669999999,-123.0325549,4450 Commercial St SE,Salem,OR,97302
509,45.5347161,-122.6208153,4121 NE Halsey St,Portland,OR,97232
510,45.5261013,-122.6951618,2122 NW Glisan St,Portland,OR,97210
511,45.4888244,-122.6235486,4715 SE Cesar Chavez Blvd,Portland,OR,97202
512,45.466225,-122.750884,7215 SW Garden Home Road,Portland,OR,97223
513,44.0662723,-123.0752647,85 Oakway Center,Eugene,OR,97401
514,38.90413179999999,-77.0529834,1101 25th Street NW,Washington,DC,20037
515,38.9075662,-77.0008016,350 Florida Ave. NE,Washington,DC,20002
516,38.9160454,-77.0321896,1914 14th St NW,Washington,DC,20009
517,38.91753629999999,-77.0687234,2101 Wisconsin Ave NW Suite A,Washington,DC,20007
518,38.884738,-76.995426,750 Pennsylvania Ave SE,Washington,DC,20003
519,38.9700947,-94.6059835,8600 Ward Pkwy,Kansas City,MO,64114
520,38.601039,-90.4671556,13343 Manchester Rd,Des Peres,MO,63131
521,38.6719545,-90.4364196,11505 Olive Blvd,Creve Coeur,MO,63141
522,38.6273335,-90.3412312,48 Brentwood Promenade Court,Brentwood,MO,63144
523,38.6448973,-90.5665562,1679 Clarkson Rd,Chesterfield,MO,63017
524,38.9045005,-77.20364339999999,7514 Leesburg Turnpike,Falls Church,VA,22043
525,38.8427152,-77.2703726,9464 Main St,Fairfax,VA,22031
526,37.5389022,-77.5642704,3000 Stony Point Rd,Richmond,VA,23235
527,38.7816507,-77.1894485,6394 Springfield Plaza,Springfield,VA,22150
528,37.1290527,-76.5150226,12551 Jefferson Ave,Newport News,VA,23602
529,38.0629829,-78.49148799999999,2025 Bond St.,Charlottesville,VA,22901
530,38.9673099,-77.3589568,11958 Killingsworth Ave,Reston,VA,20194
531,38.8510336,-77.1327867,5847 Leesburg Pike,Bailey's Crossroads,VA,22041
532,36.8486112,-76.0247752,503 Hilltop Plaza,Virginia Beach,VA,23454
533,39.0503773,-77.45272899999999,44755 Brimfield Dr,Ashburn,VA,20147
534,38.8404178,-77.4327704,14100 Lee Hwy,Centreville,VA,20120
535,37.6488915,-77.6068018,11331 W Broad St,Glen Allen,VA,23060
536,37.2771346,-76.74778490000001,5000 Settlers Market Blvd,Williamsburg,VA,23188
537,38.81078249999999,-77.0447925,612 N Saint Asaph St,Alexandria,VA,22314
538,38.886684,-77.094641,1109 N Highland St,Arlington,VA,22201
539,34.7402717,-86.6655025,1100 Mid City Dr NW,Huntsville,AL,35806
540,33.4465822,-86.7296456,"205 Summit Blvd, Suite 100",Birmingham,AL,35243
541,41.0717432,-85.1953587,4110 W. Jefferson Blvd.,Fort Wayne,IN,46804
542,41.687726,-86.23520300000001,1140 East Howard,South Bend,IN,46617
543,39.9125685,-86.2117997,2902 W 86th St,Indianapolis,IN,46268
544,39.9037062,-86.0751813,5473 E 82nd St,Indianapolis,IN,46250
